full_name;postal_code;age;email;taj
Lamar Spender;1500;25;lspender0@washington.edu;95007923
Sande Rivitt;1600;21;srivitt1@wsj.com;74074681
Joye Francino;2210;67;jfrancino2@sfgate.com;87241028
Athene Bewicke;2300;61;abewicke3@wiley.com;16902958
Wilden Londsdale;5680;68;wlondsdale4@mapquest.com;25080141
Larissa Harmstone;7780;57;lharmstone5@japanpost.jp;28318833
Fae Patty;1600;44;fpatty6@amazon.co.jp;86424635
Hugibert Tidball;8700;63;htidball7@harvard.edu;34868302
Fredericka Wase;7640;19;fwase8@webeden.co.uk;16148812
Luce Hubbuck;8530;13;lhubbuck9@walmart.com;27480209
Amalie Jandel;8350;52;ajandela@networkadvertising.org;87695629
Keeley Sinnock;6630;80;ksinnockb@slideshare.net;15997439
Lynnette Belloch;1190;31;lbellochc@addtoany.com;26954045
Laird Leafe;3650;35;lleafed@godaddy.com;94708272
Consalve Sulman;8300;90;csulmane@jigsy.com;64745376
Maighdiln Kenelin;5640;50;mkenelinf@friendfeed.com;39565763
Ryun Bredgeland;7260;55;rbredgelandg@icq.com;50149286
Ave Jurkowski;3170;77;ajurkowskih@discuz.net;37474935
Blake Tupper;3450;34;btupperi@ovh.net;60952179
Kinsley Laxtonne;4070;47;klaxtonnej@flickr.com;49210616
Jennilee Dainter;4680;17;jdainterk@rediff.com;31812580
Ab Schnitter;1000;59;aschnitterl@elegantthemes.com;77753231
Isaak Traylen;5800;18;itraylenm@icio.us;70065738
Sula Franke;4910;37;sfranken@sakura.ne.jp;34980833
Celia Hartzog;4420;82;chartzogo@omniture.com;56002016
Kit Berthelet;4460;56;kbertheletp@telegraph.co.uk;18018330
Killie Minchi;4530;58;kminchiq@va.gov;32122320
Gerrard Challin;3610;53;gchallinr@devhub.com;69054734
Elonore Van Vuuren;6830;58;evans@ucoz.ru;21679451
Graeme Rash;8800;34;grasht@google.es;92801575
Ariel Tite;3190;71;atiteu@ucsd.edu;72378062
Jenilee Eskriett;6640;85;jeskriettv@pcworld.com;48744309
Chic Duester;8870;58;cduesterw@dmoz.org;48574045
Jacklin Mereweather;5760;22;jmereweatherx@nature.com;10309139
Basia Andreone;1580;96;bandreoney@cnbc.com;50963921
Earle Waskett;5680;14;ewaskettz@harvard.edu;56317532
Dill Grubey;4210;92;dgrubey10@tripod.com;26394831
Brok Bootman;2580;46;bbootman11@lycos.com;30011317
Madlen Parsley;1060;36;mparsley12@wikispaces.com;87335778
Austin Malter;7310;86;amalter13@yelp.com;68081314
Timmie Tuttle;6920;29;ttuttle14@npr.org;77712126
Armstrong Francioli;2120;77;afrancioli15@marriott.com;75108090
Bellina Pettigree;6570;29;bpettigree16@theglobeandmail.com;26762632
Anna Whitbread;7310;63;awhitbread17@wikia.com;14218424
Pearle Bradie;7160;86;pbradie18@redcross.org;21001136
Drucie Laugier;4320;24;dlaugier19@bravesites.com;95283404
Corine Grestye;8040;86;cgrestye1a@uiuc.edu;80887563
Gus Rippon;5060;83;grippon1b@illinois.edu;45383011
Ab Higgonet;1340;69;ahiggonet1c@etsy.com;86426111
Josh Wigan;6650;86;jwigan1d@trellian.com;59253048
Emilee Martineau;6870;18;emartineau1e@histats.com;16245264
Rossie Worgen;1720;11;rworgen1f@disqus.com;32975095
Gilberte Bruff;3450;27;gbruff1g@sfgate.com;53717036
Dud Firth;3900;57;dfirth1h@imdb.com;64651083
Goddard Gymlett;8470;82;ggymlett1i@spotify.com;42785585
Grayce Criag;4420;60;gcriag1j@cbslocal.com;55611218
Wilone Hincks;8800;96;whincks1k@nps.gov;55560410
Geralda Drabble;8420;15;gdrabble1l@skyrock.com;66540711
Alphonso Grocutt;1060;83;agrocutt1m@ca.gov;92264997
Javier Rajchert;5210;43;jrajchert1n@harvard.edu;73070303
Ethan Rodnight;6770;79;erodnight1o@unicef.org;26650331
Thom Beament;5090;25;tbeament1p@mtv.com;12264123
Spenser Mapes;6470;70;smapes1q@wordpress.org;30463281
Carroll Ostrich;4050;15;costrich1r@ucsd.edu;98006155
Pebrook Foston;7810;43;pfoston1s@blinklist.com;40891381
Amy Saffe;9080;98;asaffe1t@ebay.co.uk;17301692
Gusty Fairham;2450;91;gfairham1u@bbb.org;53840940
Darci O'Hern;5740;33;dohern1v@npr.org;96197176
Bari Kensitt;4850;17;bkensitt1w@cloudflare.com;36764501
Olivier Nott;2880;54;onott1x@gov.uk;21426440
Clim Pettiward;2290;17;cpettiward1y@imageshack.us;15140790
Renado Mulbry;2150;11;rmulbry1z@eventbrite.com;22682499
Liva Haggath;3560;40;lhaggath20@histats.com;74114487
Stace Rainon;5950;71;srainon21@wsj.com;62144327
Letizia Andersson;3650;17;landersson22@4shared.com;19306213
Tilly Schukert;6800;100;tschukert23@columbia.edu;67312730
Dode Glendza;7480;63;dglendza24@163.com;59131864
Dur Duffitt;5780;55;dduffitt25@go.com;86772723
Daniella Brydell;7140;52;dbrydell26@washingtonpost.com;48495143
Hilde O'Clery;5680;76;hoclery27@hao123.com;44399014
Faulkner Rudolph;6890;80;frudolph28@wunderground.com;86074100
Merle Boag;4900;53;mboag29@noaa.gov;67900094
Free Gurrado;4020;87;fgurrado2a@nps.gov;46358737
Ilaire Edmunds;3800;100;iedmunds2b@discovery.com;58305272
Noreen Vinall;5130;24;nvinall2c@nationalgeographic.com;62784753
Jasun Ausher;6640;84;jausher2d@nymag.com;44725684
Antonin Twitchings;6890;61;atwitchings2e@blogspot.com;96099294
Henrik Jarville;6150;61;hjarville2f@washington.edu;89200218
Joletta Veillard;5000;73;jveillard2g@comcast.net;37239747
Elspeth Mc Trusty;4290;99;emc2h@wikimedia.org;24846837
Amalle Poole;7890;19;apoole2i@state.tx.us;26454521
Michele Cockley;6920;71;mcockley2j@unblog.fr;85190575
Ericha Manna;5550;32;emanna2k@godaddy.com;42603295
Agnola Hanes;3110;89;ahanes2l@hatena.ne.jp;22914212
Godwin Bazire;6950;69;gbazire2m@aol.com;12443650
Donnie Battany;8660;61;dbattany2n@chronoengine.com;16375533
Brody Mulrean;8350;89;bmulrean2o@apple.com;37514570
Neda Janous;5510;63;njanous2p@foxnews.com;69986227
Gerta Eakly;5170;92;geakly2q@jugem.jp;98172672
Claudia Brandassi;1150;50;cbrandassi2r@shareasale.com;14502140
Garwood Bohlens;8880;55;gbohlens2s@soup.io;91697809
Herold Gladdis;8410;34;hgladdis2t@t-online.de;63378501
Solly Robken;4280;16;srobken2u@comcast.net;28361859
Cointon Jestico;4880;14;cjestico2v@apache.org;46574650
Rosetta Mancell;6880;68;rmancell2w@histats.com;74054014
Westley Ronaldson;4080;67;wronaldson2x@un.org;57586093
Welbie Shakesbye;1340;17;wshakesbye2y@wikispaces.com;12288117
Rem Bartholomew;1280;58;rbartholomew2z@de.vu;53656714
Cesare Tompsett;3380;63;ctompsett30@digg.com;61064887
Geralda Hankinson;3000;68;ghankinson31@scientificamerican.com;18571550
Retha Ellett;1060;71;rellett32@mayoclinic.com;36914473
Burty Keri;3070;19;bkeri33@state.gov;51295038
Noami Troillet;7890;33;ntroillet34@imageshack.us;44990879
Brockie Bernhart;2160;83;bbernhart35@howstuffworks.com;64389964
Blanch Shurmore;1690;47;bshurmore36@answers.com;27581545
Muire Kiledal;1720;66;mkiledal37@gov.uk;90307143
Yettie Clausen-Thue;4500;68;yclausenthue38@oaic.gov.au;91054461
Brunhilda Bride;1290;40;bbride39@imdb.com;88975627
Ealasaid Barthot;1490;37;ebarthot3a@timesonline.co.uk;21390458
Logan Rizon;3030;52;lrizon3b@vinaora.com;74208587
Silvio Oddboy;3690;47;soddboy3c@berkeley.edu;15868115
Leonora Bainbridge;4820;46;lbainbridge3d@discovery.com;30044465
Vinny McSaul;6440;90;vmcsaul3e@issuu.com;86158983
Hercule Stannas;6350;81;hstannas3f@bigcartel.com;71371084
Damita Fishwick;6410;50;dfishwick3g@google.de;10029818
Stephenie Flannigan;4580;79;sflannigan3h@house.gov;61117348
Pepe Tollmache;5140;66;ptollmache3i@nbcnews.com;68652753
Laird McGee;2610;35;lmcgee3j@wikispaces.com;33461816
Duffie Lamburn;2590;23;dlamburn3k@reference.com;57453819
Kippie Kezar;2920;32;kkezar3l@fc2.com;68586797
Martynne Gipps;4570;37;mgipps3m@archive.org;83845579
Myrwyn Hellings;7290;96;mhellings3n@unicef.org;20202349
Arnoldo Sparkes;3400;46;asparkes3o@networkadvertising.org;31181654
Marjy Penson;1410;16;mpenson3p@telegraph.co.uk;56297971
Galen Steggles;5830;97;gsteggles3q@buzzfeed.com;91950238
Marcus Lapenna;6690;69;mlapenna3r@gizmodo.com;71619605
Samantha Daley;2710;71;sdaley3s@loc.gov;13234382
Orbadiah De'Ath;6780;76;odeath3t@youtube.com;95680110
Jarret Bemwell;6380;68;jbemwell3u@w3.org;73833631
Morris Kohrsen;3050;72;mkohrsen3v@cocolog-nifty.com;22207390
Frayda Frankland;2820;86;ffrankland3w@google.it;54413466
Kessiah Wallage;1760;51;kwallage3x@wufoo.com;87584868
Fayette Lafontaine;7580;64;flafontaine3y@macromedia.com;52102113
Desiree Dumbreck;7930;36;ddumbreck3z@vkontakte.ru;33308979
Waldemar Lifsey;3900;51;wlifsey40@virginia.edu;18392143
Nan Manicom;4560;67;nmanicom41@deviantart.com;58556218
Georgetta Vasichev;8050;49;gvasichev42@cnet.com;60487735
Audi Rizzello;7900;22;arizzello43@example.com;42372110
Susette Sherman;7900;28;ssherman44@utexas.edu;35113206
Nye Membry;6410;22;nmembry45@shareasale.com;86218695
Brooks Suggitt;2090;14;bsuggitt46@berkeley.edu;14051301
Micki Whaites;2680;77;mwhaites47@who.int;44998790
Orelie Curman;1230;65;ocurman48@free.fr;89954854
Kylen Vernay;6030;97;kvernay49@cnbc.com;57266689
Judy Arondel;1080;80;jarondel4a@tumblr.com;43110703
Yorke Spofford;1210;41;yspofford4b@amazon.co.uk;10996393
Darrick Kuhnert;4880;55;dkuhnert4c@ed.gov;20958024
Chantalle Bilverstone;2370;38;cbilverstone4d@umich.edu;22458600
Dallon Colbeck;7010;31;dcolbeck4e@gmpg.org;36084691
Slade Loud;3490;35;sloud4f@exblog.jp;56749550
Maryanna Handes;8940;98;mhandes4g@homestead.com;48061504
Nadia Delacourt;2720;95;ndelacourt4h@gov.uk;70128401
Hyacintha Caslake;2920;70;hcaslake4i@bloglines.com;17654760
Mollie Rawsthorne;3400;48;mrawsthorne4j@imgur.com;38480098
Thomasina Kerrane;6000;71;tkerrane4k@mysql.com;73197925
Curry Beers;7470;72;cbeers4l@mapy.cz;19478304
Carena Sex;6240;42;csex4m@homestead.com;46473368
Jeanine Thurlby;7630;65;jthurlby4n@shutterfly.com;72255487
Gerda Cunnane;7610;45;gcunnane4o@homestead.com;27433378
Brandise Bunyan;5660;96;bbunyan4p@dmoz.org;23436537
Orville Agirre;2070;42;oagirre4q@acquirethisname.com;72632053
Carmelia Sealand;9040;46;csealand4r@mediafire.com;97296072
Sayers Brummitt;1480;11;sbrummitt4s@photobucket.com;51737531
Golda Kilfeather;6890;57;gkilfeather4t@tamu.edu;83784832
Maure Cleaveland;7910;60;mcleaveland4u@plala.or.jp;66419456
Hattie Ianniello;8650;49;hianniello4v@weibo.com;74489046
Daria Bruneton;8050;49;dbruneton4w@meetup.com;56987829
Rosemonde Germain;7820;100;rgermain4x@accuweather.com;79583714
Debor Buzek;6050;44;dbuzek4y@youku.com;18345346
Randal Mardell;4060;92;rmardell4z@usatoday.com;97355444
Gene Hocking;4650;36;ghocking50@discuz.net;97672061
Marthe Rean;5350;23;mrean51@gnu.org;92529121
Dalt O'Carmody;8360;44;docarmody52@mayoclinic.com;57315841
Nils Leall;1060;82;nleall53@fastcompany.com;64031891
Rhonda Gallatly;8740;41;rgallatly54@storify.com;78234374
Chrissie Dean;5280;41;cdean55@tinyurl.com;13506484
Edythe Dzenisenka;6010;60;edzenisenka56@ameblo.jp;78587637
Barty Seamans;1710;26;bseamans57@nationalgeographic.com;71126947
Sutherlan Durrett;3730;59;sdurrett58@lycos.com;11379441
Glori Sisson;8160;59;gsisson59@ca.gov;95673821
Kienan Creigan;7170;35;kcreigan5a@google.com;16244223
Dillon Guion;4070;16;dguion5b@state.gov;36973251
Niall Klageman;8630;50;nklageman5c@aboutads.info;31285403
Alexei Longstaffe;2260;68;alongstaffe5d@1und1.de;72667730
Curran Riveles;8780;97;criveles5e@arizona.edu;73565493
Jarib Jimpson;2910;65;jjimpson5f@cbc.ca;16008326
Calv Freckingham;4310;88;cfreckingham5g@pagesperso-orange.fr;31048454
Gris Mish;7130;10;gmish5h@apache.org;55050826
Milicent Brimham;4190;96;mbrimham5i@tuttocitta.it;61290169
Cody Clelland;3880;80;cclelland5j@blog.com;94320808
Suzie Llewellin;3540;40;sllewellin5k@imgur.com;96711741
Engelbert Del Castello;5200;48;edel5l@surveymonkey.com;44469208
Bryanty McCulloch;8350;40;bmcculloch5m@gnu.org;32975590
Martie Kynaston;7640;18;mkynaston5n@so-net.ne.jp;81093918
Trudey Reddel;7870;57;treddel5o@hibu.com;67235925
Wyatan Balleine;2140;96;wballeine5p@vk.com;83159567
Farris MacCaghan;8020;69;fmaccaghan5q@ucoz.com;22776283
Lurlene Thomtson;2410;76;lthomtson5r@163.com;59576342
Esme Rowles;2330;44;erowles5s@comcast.net;17400435
Jorry Trouncer;6250;11;jtrouncer5t@earthlink.net;36829337
Kipper Eliff;1240;89;keliff5u@github.com;72923133
Tawsha Holliar;1560;90;tholliar5v@cbsnews.com;30851982
Elsy Karlsen;3560;72;ekarlsen5w@tumblr.com;16184122
Dyan Cord;4450;53;dcord5x@gravatar.com;90122772
Corrine Mangin;8080;65;cmangin5y@joomla.org;47303465
Vina Roseborough;9030;10;vroseborough5z@blog.com;62085302
Morie Cray;4970;94;mcray60@g.co;32848000
Onfre Benedite;6390;57;obenedite61@constantcontact.com;56336642
Lynea Puffett;8300;60;lpuffett62@umn.edu;49914087
Rosalia Sacher;9090;59;rsacher63@blinklist.com;84213130
Gale Gilffilland;4730;46;ggilffilland64@w3.org;75585678
Tallie Coupar;2870;55;tcoupar65@squarespace.com;58539383
Pru Maria;3990;45;pmaria66@wsj.com;82423579
Barris O'Gleasane;4580;69;bogleasane67@netvibes.com;93616179
Tomi Bramich;2230;76;tbramich68@jiathis.com;52255818
Dreddy Matyushonok;8650;66;dmatyushonok69@squarespace.com;69492539
Calhoun Molen;1850;32;cmolen6a@stanford.edu;52157873
Channa Scamp;8880;44;cscamp6b@canalblog.com;60953497
Helaine Pappin;1090;39;hpappin6c@google.com;87819722
Arel Kunath;4520;16;akunath6d@simplemachines.org;82147494
Berna Ward;3630;23;bward6e@si.edu;62319661
Ferdinanda Sealey;8970;39;fsealey6f@typepad.com;30663239
Aleda Scandrett;5610;84;ascandrett6g@facebook.com;86494296
Barn Rockwell;8450;46;brockwell6h@whitehouse.gov;38857511
Claus Martensen;7740;72;cmartensen6i@harvard.edu;70923418
Inger Trank;7420;17;itrank6j@etsy.com;90005446
Nanny Gallaway;5790;50;ngallaway6k@indiatimes.com;30654247
Kenna Syversen;6650;13;ksyversen6l@163.com;31535414
Ddene Streater;9050;63;dstreater6m@deliciousdays.com;69036300
Reinaldo Dash;7970;29;rdash6n@ezinearticles.com;19195609
Hana Woodhouse;3910;78;hwoodhouse6o@creativecommons.org;71475106
Garald Beardshall;8090;91;gbeardshall6p@paginegialle.it;63598797
Rob Duran;3160;81;rduran6q@plala.or.jp;24712179
Twila Bettenson;2090;78;tbettenson6r@wikispaces.com;52017881
Kyle Pedlow;2230;36;kpedlow6s@constantcontact.com;32612393
Hunter Hatchman;3710;53;hhatchman6t@time.com;27821953
Rosanna Lorraine;1020;60;rlorraine6u@java.com;96306586
Juli Athow;8290;88;jathow6v@salon.com;47396468
Adriane Scriven;8010;99;ascriven6w@europa.eu;68169713
Ky Elesander;1580;71;kelesander6x@studiopress.com;42336900
Rodolphe Beadham;6080;99;rbeadham6y@ihg.com;31191328
Dickie Yoslowitz;8130;13;dyoslowitz6z@earthlink.net;31201526
Blanca Duthie;4350;36;bduthie70@reference.com;79355931
Gussie Gronno;6430;41;ggronno71@so-net.ne.jp;57856360
Doroteya Gonnard;2040;27;dgonnard72@irs.gov;62997540
Clyve Daniellot;8020;83;cdaniellot73@ucoz.com;63950644
Sheena Coatsworth;2160;91;scoatsworth74@woothemes.com;63842607
Ted Roslen;4790;36;troslen75@sitemeter.com;63164027
Archy Cutress;1370;99;acutress76@facebook.com;50981499
Shirleen Antonikov;4260;12;santonikov77@t-online.de;36996244
Rose Rizzi;7760;95;rrizzi78@is.gd;95612856
Pammy Londors;4060;11;plondors79@sogou.com;14363891
Lizette Courvert;8810;37;lcourvert7a@bandcamp.com;59644034
Magnum Trematick;1070;82;mtrematick7b@lulu.com;22309357
Dwayne Kuban;6820;68;dkuban7c@twitter.com;68461389
Chanda Averay;7490;28;caveray7d@examiner.com;72856013
Ellis Bretherick;2040;78;ebretherick7e@miibeian.gov.cn;22870799
Misha Dineen;2910;30;mdineen7f@auda.org.au;37087597
Heriberto Pipping;2200;58;hpipping7g@blogspot.com;78707753
Kamillah Rose;1150;15;krose7h@cnn.com;47911131
Eliza Mulloch;1410;90;emulloch7i@patch.com;33067469
Waly Bennet;6060;76;wbennet7j@google.co.uk;97343149
Taddeo Ricciardi;1150;40;tricciardi7k@jigsy.com;38392160
Dela Olivey;8820;96;dolivey7l@geocities.jp;70696587
Lorettalorna Aucoate;3450;73;laucoate7m@ftc.gov;42993063
Brenna Farra;1910;23;bfarra7n@ycombinator.com;92056816
Hubie Draisey;4500;15;hdraisey7o@prlog.org;56514788
Zorine Dupree;3020;95;zdupree7p@yahoo.com;38080453
Merry Cleugh;8390;55;mcleugh7q@flickr.com;97302434
Kort Trigg;4210;88;ktrigg7r@wufoo.com;16659908
Chere Capell;4550;75;ccapell7s@nsw.gov.au;92755063
Silvia Lehon;8700;29;slehon7t@shareasale.com;56353321
Jobyna Heddon;8430;55;jheddon7u@biglobe.ne.jp;66133141
Osbourn Knobell;3000;63;oknobell7v@fotki.com;53845609
Valentine Bauckham;2160;27;vbauckham7w@sciencedirect.com;84742586
Robby Sandford;2800;64;rsandford7x@ning.com;71052415
Elfrida Coney;2570;61;econey7y@behance.net;90670815
Mabel Worley;2260;32;mworley7z@washington.edu;34667899
Justino Wharton;5550;38;jwharton80@businesswire.com;43767507
Jdavie Andreichik;2390;32;jandreichik81@google.ru;17336254
Brice Blodgetts;1860;84;bblodgetts82@illinois.edu;96656963
Rosina Cunnow;1320;55;rcunnow83@msu.edu;62253859
Ray Seldner;3950;39;rseldner84@cdc.gov;50765991
Lebbie Stairmand;1790;61;lstairmand85@un.org;41882016
Margarita Colton;5480;75;mcolton86@oaic.gov.au;82311484
Anselma Sturt;1930;46;asturt87@statcounter.com;74888464
Natassia Pawlik;1650;40;npawlik88@is.gd;20267897
Christine Dutson;8320;40;cdutson89@pinterest.com;79939277
Bevan Good;5430;10;bgood8a@ask.com;22689663
Mauricio Vasilechko;4910;55;mvasilechko8b@etsy.com;90556348
Silas Devericks;8620;29;sdevericks8c@sogou.com;76413013
Jocko Spragg;5500;70;jspragg8d@psu.edu;86326892
Dominick Ivanikov;7440;92;divanikov8e@gizmodo.com;81621828
Pru Cressar;4560;29;pcressar8f@psu.edu;24043971
Jillene Guilaem;6270;20;jguilaem8g@multiply.com;71456113
Tony Brammer;3650;100;tbrammer8h@ovh.net;79488221
Delmore Jerwood;3710;51;djerwood8i@ehow.com;30423438
Myrah Harriday;2330;72;mharriday8j@usnews.com;15106475
Hamish Kerton;1610;30;hkerton8k@dell.com;15680842
Robby Le Huquet;2660;53;rle8l@angelfire.com;70705611
Augustin Audry;4180;43;aaudry8m@de.vu;84620068
Berkley Eck;3170;62;beck8n@dailymotion.com;12275751
Billye Riddick;1410;84;briddick8o@kickstarter.com;72127240
Ruthi Larvent;4850;44;rlarvent8p@microsoft.com;33748783
Giacopo Polden;4390;70;gpolden8q@loc.gov;57376937
Josselyn Kenewell;4970;100;jkenewell8r@nba.com;99574777
Niko Wheeldon;4800;92;nwheeldon8s@mozilla.org;58414718
Nina Guisot;3360;59;nguisot8t@plala.or.jp;97658342
Thurston Hixson;8030;92;thixson8u@abc.net.au;95043320
Belva Wharfe;5770;42;bwharfe8v@apache.org;90809609
Kelley Jales;8530;55;kjales8w@studiopress.com;66464922
Dawna Sartin;2370;72;dsartin8x@indiatimes.com;99464285
Ursala McCurry;5300;64;umccurry8y@drupal.org;97974822
Lulita Bromidge;1150;69;lbromidge8z@gravatar.com;62220161
Lishe Nield;3100;66;lnield90@pen.io;90925384
Jacobo Greswell;1310;98;jgreswell91@slate.com;94822418
Tandy Fessler;4200;29;tfessler92@issuu.com;85186509
August Rundall;5430;92;arundall93@blogs.com;52140725
Mic Rann;2500;41;mrann94@friendfeed.com;90998863
Kaspar Cockitt;3900;41;kcockitt95@pen.io;12886034
Edwin Lineker;1370;92;elineker96@marriott.com;97618099
Parke Jessett;7100;46;pjessett97@cocolog-nifty.com;28043590
Charla Bridger;5610;44;cbridger98@noaa.gov;72243794
Maxy Smallshaw;6020;70;msmallshaw99@digg.com;41837554
Lindsay Scurman;2860;91;lscurman9a@list-manage.com;52487656
Odey Blackney;6690;65;oblackney9b@spiegel.de;91037092
Nada Petchey;2400;99;npetchey9c@cbsnews.com;18921129
Burl Bacchus;1340;39;bbacchus9d@usatoday.com;65341875
Cyndy Cottu;8700;73;ccottu9e@examiner.com;38409052
Faber Ibbeson;7630;49;fibbeson9f@ycombinator.com;60437139
Fiorenze Dorward;1600;58;fdorward9g@state.gov;50564767
Aluin Blenkharn;4330;91;ablenkharn9h@drupal.org;72488709
Alli Farquar;5940;97;afarquar9i@gmpg.org;94726008
Tracee Hamments;4600;35;thamments9j@bbb.org;10687258
Ches Ladel;5880;97;cladel9k@booking.com;37005906
Ettore Hawthorne;8650;76;ehawthorne9l@ted.com;12026152
Simonne Garrood;7970;42;sgarrood9m@i2i.jp;84409761
Philip Dutton;2290;24;pdutton9n@purevolume.com;77148675
Ethelred Haly;5420;59;ehaly9o@dmoz.org;26651620
Kara Delacote;6350;54;kdelacote9p@dmoz.org;71901293
Joellyn Reilingen;3830;24;jreilingen9q@twitter.com;19837669
Lizbeth Matveichev;1080;93;lmatveichev9r@miibeian.gov.cn;79631710
Bailie Bhar;7520;43;bbhar9s@wikia.com;85085935
Rufe Chittleburgh;1400;43;rchittleburgh9t@moonfruit.com;57095253
Gardiner Villalta;6460;28;gvillalta9u@disqus.com;55030622
Burtie Woolfoot;5320;94;bwoolfoot9v@posterous.com;89586023
Nicko Junkin;7670;38;njunkin9w@usatoday.com;38267117
Evvy Van der Beek;4540;97;evan9x@dell.com;83942859
Kalil Navarre;8750;57;knavarre9y@fc2.com;85839671
Natal Vasyunkin;6480;26;nvasyunkin9z@dot.gov;37416114
Henrieta Coysh;1800;19;hcoysha0@pen.io;39648370
Alfi Clute;6150;17;aclutea1@oakley.com;11260163
Gerti Sultan;8750;27;gsultana2@columbia.edu;35924779
Elbertine Antoniades;4340;99;eantoniadesa3@disqus.com;67185901
Drusie Mote;2560;87;dmotea4@nature.com;62505180
Gerhard Auton;7980;98;gautona5@timesonline.co.uk;89669164
Benito Cotterel;6630;96;bcotterela6@dropbox.com;56433777
Ermin O'Monahan;7980;23;eomonahana7@goodreads.com;18997485
Baillie Collacombe;2230;12;bcollacombea8@java.com;29330920
Connor Baitey;6630;43;cbaiteya9@bloglines.com;39924017
Reid Block;8670;18;rblockaa@mozilla.org;96581965
Jacki Robben;4510;56;jrobbenab@chicagotribune.com;22707215
Royall Mullane;4330;100;rmullaneac@redcross.org;62628008
Stanleigh Autin;6810;28;sautinad@alibaba.com;77035715
Thebault Venton;4630;79;tventonae@army.mil;52570414
Dorice Holde;4740;30;dholdeaf@slideshare.net;96554561
Harper Wintringham;1370;62;hwintringhamag@wisc.edu;72814422
Leah Bevis;4850;74;lbevisah@parallels.com;54362421
Mariquilla Cattermole;1250;90;mcattermoleai@yelp.com;22157662
Fredelia Hedman;2280;17;fhedmanaj@technorati.com;42745528
Nathanial Andrassy;2450;92;nandrassyak@businesswire.com;98732989
Rube Grigoryev;7960;78;rgrigoryeval@addthis.com;76055871
Townie Apthorpe;6350;92;tapthorpeam@independent.co.uk;95129657
Peter Leyrroyd;3100;81;pleyrroydan@yolasite.com;85386953
Rae Carnihan;5680;70;rcarnihanao@freewebs.com;16393586
Katherina Woodroofe;2200;83;kwoodroofeap@goo.gl;23529894
Tobey Exall;1110;77;texallaq@vinaora.com;57951490
Florry Guthrum;1410;71;fguthrumar@cyberchimps.com;79665661
Laurel Lindbergh;3360;51;llindberghas@phoca.cz;60814993
Glendon Lardiner;2460;16;glardinerat@cam.ac.uk;74445557
Junia Luparto;5690;79;jlupartoau@wisc.edu;82862244
Thomasa Leguey;7000;42;tlegueyav@parallels.com;81682462
Smith Leatherborrow;2200;23;sleatherborrowaw@smh.com.au;88543198
Alejandra Vasenin;6090;94;avaseninax@gizmodo.com;40637421
Kerwin Entwhistle;7890;96;kentwhistleay@ibm.com;15020080
Brunhilda Bremner;6570;26;bbremneraz@ezinearticles.com;39054242
Bernetta Madle;1150;31;bmadleb0@ucoz.com;43613942
Sibby Ambrosetti;4320;64;sambrosettib1@quantcast.com;40182157
Cristina McCrachen;1400;61;cmccrachenb2@globo.com;25011200
Krishnah Tales;6130;78;ktalesb3@japanpost.jp;24914309
Martita Hannan;8200;86;mhannanb4@imgur.com;95828405
Nikita Shewry;2320;41;nshewryb5@furl.net;73932140
Francklin Grass;8460;67;fgrassb6@ifeng.com;19748853
Donovan Gibbie;5570;24;dgibbieb7@fema.gov;88239508
Aleda Glossop;2180;25;aglossopb8@ftc.gov;71073132
Shalom Hassekl;3250;74;shasseklb9@ehow.com;49059056
Upton Waugh;3920;26;uwaughba@alexa.com;48973812
Clemens Canavan;5960;47;ccanavanbb@ustream.tv;64822449
Anita Dockrey;7890;62;adockreybc@macromedia.com;92205732
Valerie Claque;7660;62;vclaquebd@reddit.com;14149987
Maximilian Easen;5680;84;measenbe@wikimedia.org;58384322
Jonathon Aishford;7950;23;jaishfordbf@stumbleupon.com;47414334
Gar Ninnis;2970;77;gninnisbg@nymag.com;84264515
Jennifer Longea;6500;56;jlongeabh@naver.com;53244437
Darlleen Augustin;7850;72;daugustinbi@opera.com;39214836
Tani Goodier;6300;73;tgoodierbj@eventbrite.com;40223378
Wyn McKearnen;4660;40;wmckearnenbk@printfriendly.com;58351416
Louisette Wardhaw;6930;87;lwardhawbl@blogtalkradio.com;75221707
Joya Townby;8740;10;jtownbybm@cafepress.com;88183285
Reynolds Hanne;6490;42;rhannebn@so-net.ne.jp;17497635
Gerrie Moorhouse;4570;22;gmoorhousebo@twitter.com;82284894
Doralyn Bramhall;8370;17;dbramhallbp@bravesites.com;79208367
Dylan Fardy;4480;71;dfardybq@nymag.com;77408514
Normie Thorowgood;4320;72;nthorowgoodbr@smugmug.com;44286546
Ilise Bourgourd;3460;10;ibourgourdbs@columbia.edu;61174242
Stephan Aarons;7040;47;saaronsbt@chicagotribune.com;83718822
Bradley Ruslinge;2890;45;bruslingebu@youtu.be;93201789
Wendell Tieman;4450;88;wtiemanbv@usatoday.com;41398499
Tandi Lowman;1360;28;tlowmanbw@alexa.com;90548705
Cleve Kaas;1990;70;ckaasbx@upenn.edu;76558141
Salomo Hewins;6040;89;shewinsby@123-reg.co.uk;62245317
Parnell Local;3020;88;plocalbz@elpais.com;52965555
Daisie Frichley;8690;20;dfrichleyc0@google.pl;78390442
Jayne Cruce;1990;47;jcrucec1@google.ca;60862141
Marilin Tibols;8870;62;mtibolsc2@washingtonpost.com;35714680
Jobye Melding;4980;66;jmeldingc3@usatoday.com;10117399
Venus Maffey;2220;34;vmaffeyc4@usnews.com;11719936
Vyky Ruilton;2050;99;vruiltonc5@cafepress.com;96618719
Hersh Van Halen;5360;80;hvanc6@berkeley.edu;10685243
Andrus Keynd;7750;41;akeyndc7@wp.com;10089269
Ker Coenraets;3860;72;kcoenraetsc8@blogtalkradio.com;42128890
Barbette Toynbee;5520;45;btoynbeec9@jiathis.com;55269979
Nick Klejna;4170;94;nklejnaca@newsvine.com;75559582
Elmira Fireman;7060;60;efiremancb@harvard.edu;43606048
Emma Khristoforov;8690;13;ekhristoforovcc@slashdot.org;93503177
Roana Shovelin;6770;50;rshovelincd@mac.com;45907597
Chevy Hartfleet;3470;35;chartfleetce@census.gov;20408529
Hildy Critchell;6020;42;hcritchellcf@wix.com;10597407
Dorrie Albert;4110;69;dalbertcg@twitter.com;38583098
Mirella Rapper;1240;35;mrapperch@issuu.com;23855196
Gallard Tarquini;2990;61;gtarquinici@mozilla.org;41081062
Bernhard Andric;8900;17;bandriccj@scribd.com;79142782
Maura Fackney;3500;51;mfackneyck@arizona.edu;20705640
Kristine Tomsu;5390;47;ktomsucl@phoca.cz;98767879
Nealy Rubinek;6690;24;nrubinekcm@google.pl;49426642
Cullan Downham;5190;80;cdownhamcn@networksolutions.com;76410816
Haroun Willars;3500;26;hwillarsco@admin.ch;28038214
Toinette Cuffe;5460;31;tcuffecp@twitpic.com;93631152
Urban Uman;7510;26;uumancq@bandcamp.com;35419392
Ryley Gabbatt;3290;50;rgabbattcr@unicef.org;29289899
Karola Reuther;9030;32;kreuthercs@smugmug.com;21340696
Crysta Cornillot;2080;62;ccornillotct@hubpages.com;96940659
Maureene Locard;6400;31;mlocardcu@google.com.br;69146944
Vita Bushby;4870;12;vbushbycv@cdbaby.com;17108467
Jacquelynn Rickertsen;7390;81;jrickertsencw@1und1.de;55217344
Meredeth Withams;1720;79;mwithamscx@hao123.com;18045023
Jamie Thomasen;3370;92;jthomasency@tmall.com;62907513
Gertruda Kerss;4170;54;gkersscz@globo.com;91373326
Hadleigh MacCawley;7860;89;hmaccawleyd0@dagondesign.com;81214200
Darin Rimour;2530;72;drimourd1@friendfeed.com;73854164
Hall Piniur;8470;13;hpiniurd2@wordpress.com;98217917
Berty Dudley;7220;15;bdudleyd3@mit.edu;78781999
Hercule Heyworth;2250;47;hheyworthd4@ehow.com;56550559
Adi Paten;7170;100;apatend5@upenn.edu;79995348
Farris Andreix;3540;100;fandreixd6@creativecommons.org;15674036
Felipe Fraczek;6280;79;ffraczekd7@washingtonpost.com;14299864
Corbin Leeds;8970;83;cleedsd8@nature.com;97690337
Lyndsey Jemmett;1300;61;ljemmettd9@biblegateway.com;15390514
Brana Addionizio;1810;20;baddionizioda@census.gov;47653925
Cammy Ternouth;8760;97;cternouthdb@youtu.be;57860545
Norry Bustard;4800;70;nbustarddc@reference.com;34585132
Hurlee Foxall;8370;94;hfoxalldd@nbcnews.com;34855712
Lydia Lawly;8940;86;llawlyde@de.vu;82278552
Rhett Woodger;8220;53;rwoodgerdf@amazon.co.uk;53320228
Warde Ackenson;7250;16;wackensondg@hibu.com;38083051
Mabel Mcettrick;1620;35;mmcettrickdh@un.org;40767978
Marisa Turmell;8310;36;mturmelldi@wp.com;61720989
Ernesto Cobbin;2740;91;ecobbindj@fda.gov;56404218
Kaitlin Hymas;6750;52;khymasdk@creativecommons.org;23108398
Andres Kos;8550;17;akosdl@php.net;48910317
Babbie Dendle;2700;45;bdendledm@census.gov;92685887
Geraldine Ygoe;5400;80;gygoedn@theguardian.com;88670692
Lamar Lilly;2880;66;llillydo@creativecommons.org;84007905
Joyous Seaward;3040;37;jseawarddp@theglobeandmail.com;63970162
Biddy Treppas;5690;35;btreppasdq@globo.com;83272999
Kata Schwerin;7660;30;kschwerindr@apache.org;30604418
Di Glazebrook;2250;76;dglazebrookds@shutterfly.com;17063053
Deanna Chantrell;2570;22;dchantrelldt@reddit.com;81736245
Lanni Willicott;6710;14;lwillicottdu@youku.com;66125885
Karel Harsent;8360;41;kharsentdv@newsvine.com;95902925
Gerick Midlar;1780;20;gmidlardw@google.co.uk;11957271
Raymund Alpe;7430;60;ralpedx@goo.ne.jp;60092062
Morena Spier;7890;79;mspierdy@tinyurl.com;86113303
Roshelle Piperley;2820;90;rpiperleydz@bing.com;84271359
Ware Didsbury;3450;26;wdidsburye0@twitpic.com;44207968
Merwin Dukelow;3650;45;mdukelowe1@techcrunch.com;58104244
Novelia Cristoforo;5920;60;ncristoforoe2@usatoday.com;76480743
Stacie Ackerley;2970;85;sackerleye3@umn.edu;86075324
Lauraine D'Enrico;6320;46;ldenricoe4@buzzfeed.com;77597951
Ynes Seyffert;8210;70;yseyfferte5@xrea.com;42895375
Jaquelin MacCheyne;7580;87;jmaccheynee6@bluehost.com;51447811
Bev Seamen;3170;80;bseamene7@csmonitor.com;44137289
Sauncho De Bruyn;6870;24;sdee8@yelp.com;40338274
Chrysa Trunchion;6770;88;ctrunchione9@state.gov;67176308
Prent Benstead;1370;73;pbensteadea@irs.gov;58051564
Cosimo Cosans;1360;97;ccosanseb@nsw.gov.au;95514486
Paulita Slayton;7450;16;pslaytonec@hibu.com;20710476
Miguel Fenn;5490;52;mfenned@nbcnews.com;54404457
Farlee Catonnet;3810;52;fcatonnetee@desdev.cn;90957690
Carrol Van de Castele;8720;95;cvanef@java.com;80017129
Ileane Addams;7710;77;iaddamseg@hugedomains.com;15567444
Teena Chessil;2160;49;tchessileh@latimes.com;35223143
Nat Triner;4610;10;ntrinerei@yellowpages.com;50898528
Eleni Rycroft;7920;16;erycroftej@blogspot.com;79477732
Bram Rosbrough;4690;82;brosbroughek@wikipedia.org;29761468
Tori Teall;3150;72;tteallel@salon.com;68339128
Hunfredo Toy;8360;51;htoyem@tripadvisor.com;94433867
Amory Aveline;6360;15;aavelineen@edublogs.org;33764447
Bonnie Runcie;2300;17;bruncieeo@posterous.com;41031092
Marietta Chalfain;8340;11;mchalfainep@usnews.com;26423885
Madeleine Shaw;2330;67;mshaweq@aboutads.info;18920077
Tedman Rakes;3220;68;trakeser@bloglines.com;59341101
Cristine Mayhew;7460;34;cmayhewes@umn.edu;81773119
Leonard Doblin;7960;81;ldoblinet@patch.com;73737777
Avivah Dewhurst;6190;73;adewhursteu@simplemachines.org;43800745
Justinian Lawtey;6580;43;jlawteyev@shareasale.com;66988720
Siffre Coupman;5460;93;scoupmanew@dion.ne.jp;41771768
Worden de la Tremoille;8670;16;wdeex@aol.com;51530201
Nevins Mandel;1500;20;nmandeley@mtv.com;88173132
Gretel Alexandrescu;2050;58;galexandrescuez@sbwire.com;47582156
Joete McCullouch;2370;94;jmccullouchf0@yahoo.co.jp;17244386
Alysia Koeppke;3640;18;akoeppkef1@constantcontact.com;29628190
Jenelle Elegood;6610;74;jelegoodf2@icio.us;75667890
Conan Halworth;8960;65;chalworthf3@washingtonpost.com;62170116
Rufus Harron;4160;11;rharronf4@cargocollective.com;84582001
Chrissie Engelbrecht;5370;50;cengelbrechtf5@apple.com;24642606
Rafaela Rozec;5280;40;rrozecf6@toplist.cz;18221521
Gilli Boskell;4820;97;gboskellf7@about.com;56040914
Sigfried Kleiser;7130;94;skleiserf8@ycombinator.com;35717561
Axe Cota;4370;62;acotaf9@marketwatch.com;11066218
Rubi Morad;1980;90;rmoradfa@paginegialle.it;63049433
Ardelia Eason;3060;47;aeasonfb@apple.com;73541360
Scarlett Whiscard;5040;38;swhiscardfc@twitter.com;86820111
Jake Sambrok;2450;42;jsambrokfd@cdbaby.com;61500373
Timofei Mullarkey;2770;58;tmullarkeyfe@yandex.ru;56121357
Merry Keirl;2900;29;mkeirlff@ibm.com;88549312
Rodina Jedrzejewicz;6330;62;rjedrzejewiczfg@smh.com.au;49008930
Angeline Albon;6340;41;aalbonfh@sogou.com;28927016
Velma Darby;4350;37;vdarbyfi@tripod.com;12391272
Mala Wrefford;3310;59;mwreffordfj@booking.com;10370772
Colleen Wheeler;7700;81;cwheelerfk@imgur.com;12674549
Benni Clarae;3360;22;bclaraefl@wufoo.com;71516450
Annora Stitfall;6390;95;astitfallfm@themeforest.net;62164158
Westleigh Yardley;3330;76;wyardleyfn@pen.io;20296923
Goraud Beatey;8840;54;gbeateyfo@paypal.com;76156767
Elspeth Sollner;8890;47;esollnerfp@webeden.co.uk;77089426
Andreana Farrant;1840;69;afarrantfq@howstuffworks.com;23260670
Simone Boykett;9050;51;sboykettfr@tmall.com;21628673
Zorah Portam;1080;66;zportamfs@blogs.com;26733462
Zechariah Verdie;4390;81;zverdieft@springer.com;11575011
Sonnie Brilleman;6820;11;sbrillemanfu@opera.com;52673644
Roosevelt Ambrozik;1310;13;rambrozikfv@dyndns.org;81071282
Damita Draxford;4180;30;ddraxfordfw@amazon.com;21495529
Everett Pech;6730;84;epechfx@tiny.cc;40357682
Larissa Atrill;6270;31;latrillfy@latimes.com;98418882
Tara Gauden;8380;41;tgaudenfz@state.tx.us;49265729
Enos Belverstone;3630;67;ebelverstoneg0@amazon.de;17568147
Pooh Storks;1310;19;pstorksg1@imageshack.us;96724164
Dyana Robard;8950;63;drobardg2@drupal.org;73864578
Genevieve Crum;2180;11;gcrumg3@bbc.co.uk;46591794
Agustin Foxley;2850;51;afoxleyg4@ustream.tv;47613907
Roana Meah;8430;83;rmeahg5@examiner.com;93524221
Joel Brave;8320;82;jbraveg6@aol.com;61165914
Christabel Durak;6620;14;cdurakg7@t.co;61122363
Manfred Moberley;8140;46;mmoberleyg8@youku.com;70883143
Prinz Kop;3530;47;pkopg9@ucla.edu;98448812
Trudy Hubbucke;3280;58;thubbuckega@columbia.edu;35244891
Kameko Pankettman;7440;83;kpankettmangb@hexun.com;61857413
Fraze Phelipeau;8020;33;fphelipeaugc@twitpic.com;22038638
Andree Priestner;5320;66;apriestnergd@nymag.com;20009022
Eugene Lidgertwood;4890;30;elidgertwoodge@soup.io;84580300
Frederique Lantiff;7800;34;flantiffgf@purevolume.com;99716686
Gabbey Carme;2550;82;gcarmegg@pagesperso-orange.fr;85734102
James Longworth;4100;75;jlongworthgh@washingtonpost.com;95174545
Ardelle Schubbert;4910;99;aschubbertgi@aboutads.info;54879976
Juan Clace;4140;89;jclacegj@mapy.cz;88885828
Happy Tison;5650;64;htisongk@toplist.cz;12310252
Magdalena Dabinett;4200;31;mdabinettgl@altervista.org;61649198
Sergei Smythe;4990;83;ssmythegm@imdb.com;96464680
Derron Delue;6590;30;ddeluegn@elpais.com;36946721
Freda Rooke;2170;68;frookego@springer.com;83264530
Federica Giacomini;7380;23;fgiacominigp@java.com;43837312
Dory Largent;8160;36;dlargentgq@about.com;68193140
Joyous Vigietti;6460;36;jvigiettigr@constantcontact.com;41465718
Nettie Hales;8970;52;nhalesgs@ow.ly;30404802
Malcolm Ellwell;4400;26;mellwellgt@rakuten.co.jp;57796089
Aloysia Corbett;2780;96;acorbettgu@canalblog.com;12219800
Krishna Webermann;4680;11;kwebermanngv@biglobe.ne.jp;34788802
Sonnie Blindermann;2920;15;sblindermanngw@linkedin.com;18864743
Shoshanna Minchi;5610;36;sminchigx@godaddy.com;97711606
Cecil Kensy;8620;65;ckensygy@cloudflare.com;23391645
Kylynn Orpwood;8870;23;korpwoodgz@blogspot.com;81210117
Kayley Decent;7030;60;kdecenth0@hibu.com;75014611
Nil Mountlow;9050;63;nmountlowh1@economist.com;47099440
Sander O'Connolly;4740;10;soconnollyh2@cdbaby.com;24451663
Wilhelmine Feldberger;5900;16;wfeldbergerh3@reuters.com;95928934
Sherilyn McGarva;8480;12;smcgarvah4@illinois.edu;57161422
Wolfy Simonds;1850;64;wsimondsh5@mail.ru;96996014
Constanta Fenty;1630;13;cfentyh6@sun.com;52969293
Theodore Haworth;1430;14;thaworthh7@yahoo.co.jp;67961533
Fletch Markova;3650;17;fmarkovah8@gizmodo.com;20792661
Brooke McGarrity;8760;14;bmcgarrityh9@cbslocal.com;48150899
Parry Rame;4010;33;prameha@123-reg.co.uk;28476103
Chev Inseal;5100;23;cinsealhb@scientificamerican.com;70689409
Sarajane Yashaev;6940;49;syashaevhc@elegantthemes.com;57538954
Cindi Chestney;5830;63;cchestneyhd@forbes.com;75357945
Zabrina Broke;8250;78;zbrokehe@ihg.com;69165727
Jaymee Gaynesford;2460;93;jgaynesfordhf@loc.gov;10458081
Ahmad Partridge;2070;60;apartridgehg@facebook.com;69471941
Dedie De Filippis;2540;32;ddehh@mac.com;18699813
Lidia Larkings;6110;36;llarkingshi@newsvine.com;97890673
Helyn Yurkevich;4450;34;hyurkevichhj@free.fr;17036868
Petrina Dearing;1970;43;pdearinghk@livejournal.com;37955275
Trever Lasham;3780;75;tlashamhl@de.vu;97461490
Erminia Pringle;3740;63;epringlehm@webs.com;30761174
Brendon Geater;5590;13;bgeaterhn@comcast.net;77126265
Hilario Guest;4470;59;hguestho@jimdo.com;84628709
Querida Maleby;8550;94;qmalebyhp@japanpost.jp;15924105
Amara Shropsheir;1730;29;ashropsheirhq@nasa.gov;98520516
Dur Clues;7860;98;dclueshr@kickstarter.com;56258504
Arly Zammett;9060;22;azammetths@cargocollective.com;41295810
Romeo Cowthard;1450;92;rcowthardht@acquirethisname.com;48182535
Thorstein Markl;8070;17;tmarklhu@hibu.com;40716563
Elliott Shingler;2080;59;eshinglerhv@state.gov;16950462
Kevan Tink;1430;95;ktinkhw@nature.com;46312033
Sibylle Gogerty;3990;73;sgogertyhx@pcworld.com;15176565
Wheeler Rooke;5210;100;wrookehy@nymag.com;18072391
Antoni Labell;4590;25;alabellhz@businessweek.com;15588630
Ros Mayworth;8570;66;rmayworthi0@wufoo.com;46017822
Gizela Danton;1500;98;gdantoni1@samsung.com;55533093
Amalee Rothon;7250;87;arothoni2@dot.gov;39820049
Isidore Lupson;5020;87;ilupsoni3@businessinsider.com;84183493
Luigi Dowderswell;1800;37;ldowderswelli4@mapy.cz;56699881
Johnathan Kira;1210;35;jkirai5@discovery.com;41550299
Pegeen Peare;4880;88;ppearei6@spotify.com;17698381
Salvidor Cutbush;4900;85;scutbushi7@redcross.org;24737770
Bartholomeo Arundale;6130;90;barundalei8@sina.com.cn;25420275
Gherardo Giberd;6700;49;ggiberdi9@kickstarter.com;61379530
Barton Pedden;1540;28;bpeddenia@smh.com.au;15548373
Karia Petyt;7280;71;kpetytib@walmart.com;17097228
Morse Cornell;8580;51;mcornellic@stumbleupon.com;81414000
Abbye Fonquernie;2990;81;afonquernieid@netvibes.com;41237945
Horton Pietraszek;1110;39;hpietraszekie@nyu.edu;56149770
Kelvin Ingram;1210;49;kingramif@blogger.com;37760977
Padraic Mayhead;1460;88;pmayheadig@phoca.cz;89892634
Inga Barchrameev;4730;19;ibarchrameevih@washingtonpost.com;67739315
Gracia Radden;6310;57;graddenii@ameblo.jp;97118089
Noni Di Batista;3340;58;ndiij@over-blog.com;85845346
Tildie Teodori;2330;89;tteodoriik@plala.or.jp;32912106
Coop Libbie;7790;61;clibbieil@time.com;56324969
Sean Lapsley;2530;61;slapsleyim@cisco.com;66329524
Gertrude Hearon;7200;78;ghearonin@mediafire.com;55142300
Joelynn Crowter;5990;17;jcrowterio@upenn.edu;19249831
Lena Exeter;1210;78;lexeterip@globo.com;38311297
Ewen Yockley;4470;79;eyockleyiq@fc2.com;67424742
Robinia Chaffe;6020;28;rchaffeir@yale.edu;52372107
Dion Smedley;1500;49;dsmedleyis@springer.com;12627493
Panchito Dirkin;8420;89;pdirkinit@marketwatch.com;57194598
Link Enderwick;7850;90;lenderwickiu@mapquest.com;73927923
Ramonda Millson;8540;51;rmillsoniv@nasa.gov;53511734
Celina Lawford;2150;62;clawfordiw@stanford.edu;10767692
Corilla Haslen;2080;97;chaslenix@engadget.com;90673565
Phyllys Atcheson;1810;14;patchesoniy@ucoz.ru;43394863
Maude Sustin;3180;18;msustiniz@dailymail.co.uk;73679522
Trish Spight;8030;67;tspightj0@booking.com;95331180
Barry Kilshaw;6470;41;bkilshawj1@blogtalkradio.com;54328683
Tobiah Leer;4390;47;tleerj2@mozilla.com;32854331
Valida Winckles;1810;33;vwincklesj3@xing.com;25987885
Darsie Kennelly;4860;23;dkennellyj4@dailymail.co.uk;35600223
Thorny Wylam;5910;67;twylamj5@naver.com;79758112
Vail Arnely;6070;92;varnelyj6@usnews.com;55734209
Trstram Ishak;3790;63;tishakj7@diigo.com;90570494
Pammy Hargate;2410;30;phargatej8@npr.org;17493279
Sybille Aronin;7950;73;saroninj9@state.gov;80136430
Eal Presslie;3520;82;epresslieja@narod.ru;55203943
Darcie Jelleman;3590;59;djellemanjb@over-blog.com;62584887
Elena Agge;5140;10;eaggejc@myspace.com;76229355
Drake McDermott;8930;66;dmcdermottjd@samsung.com;50353160
Archy Thulborn;1160;19;athulbornje@elegantthemes.com;59297406
Isobel Brydson;2890;27;ibrydsonjf@bing.com;97987499
Helsa Lilleman;7490;32;hlillemanjg@mashable.com;28456915
Giralda Blaske;4320;32;gblaskejh@geocities.com;59243695
Lambert Gravey;4040;21;lgraveyji@amazon.co.jp;41806858
Tomkin Denkin;1380;65;tdenkinjj@comcast.net;89037962
Felicio Fibbens;4170;19;ffibbensjk@icq.com;79602454
Val Parfett;6030;74;vparfettjl@psu.edu;99013509
Antonin Marriot;3810;33;amarriotjm@latimes.com;75986257
Evvie Lamball;8350;45;elamballjn@oaic.gov.au;44197923
Renell Potbury;3210;62;rpotburyjo@tinyurl.com;64413300
Ferdy Woodberry;6020;66;fwoodberryjp@dailymotion.com;29289994
Jone Moth;5930;67;jmothjq@icio.us;19111740
Belva Knellen;8430;53;bknellenjr@woothemes.com;25517525
Clemmy Pithie;4140;10;cpithiejs@eepurl.com;95338609
Roxane Fairweather;8450;40;rfairweatherjt@ocn.ne.jp;38411481
Maurene Fransseni;8380;57;mfransseniju@bbc.co.uk;78672590
Jandy Atger;1430;13;jatgerjv@twitpic.com;72613154
Evelina Glencros;9090;40;eglencrosjw@ed.gov;63951151
Carmelita Coppenhall;6780;40;ccoppenhalljx@dion.ne.jp;69152555
Jule Thomassin;1220;98;jthomassinjy@sun.com;93031889
Rocky Ovill;2000;100;rovilljz@moonfruit.com;58655866
Tod Boughton;7260;86;tboughtonk0@netvibes.com;50687086
Ardisj Pass;1550;64;apassk1@upenn.edu;44592635
June Chrispin;1040;22;jchrispink2@naver.com;15956108
Waiter Rapson;2370;90;wrapsonk3@desdev.cn;99585120
Gordie Shear;6410;46;gsheark4@cyberchimps.com;55085013
Delmer Learmond;8760;90;dlearmondk5@vinaora.com;21993264
Darlene McKelvey;5280;96;dmckelveyk6@elegantthemes.com;35552005
Raye Nawton;6690;33;rnawtonk7@t-online.de;19152853
Bliss Blasdale;5500;73;bblasdalek8@jalbum.net;98757549
Keelia Mesant;5900;57;kmesantk9@si.edu;25979072
Dannie Gillingwater;2600;85;dgillingwaterka@google.es;27735264
Norrie Toomey;7830;19;ntoomeykb@ted.com;64586861
Nolana Kenchington;7790;77;nkenchingtonkc@globo.com;51285994
Dimitry Rasor;6290;32;drasorkd@theatlantic.com;29873770
Laura Hardstaff;7520;85;lhardstaffke@discovery.com;51898521
Rodolfo Fearenside;3880;58;rfearensidekf@a8.net;58229088
Alameda Hanretty;5660;77;ahanrettykg@people.com.cn;21849339
Alfred McCluskey;5290;41;amccluskeykh@ted.com;67091417
Oberon Vallender;1160;24;ovallenderki@tuttocitta.it;49246802
Brendan Ronnay;5210;63;bronnaykj@yellowbook.com;73562784
Orville Domleo;6660;36;odomleokk@furl.net;88679482
Lanni Knudsen;9070;37;lknudsenkl@webmd.com;57091415
Silvie Burress;1410;15;sburresskm@nytimes.com;31477419
Margette Stovine;2840;89;mstovinekn@cornell.edu;24334533
Lexi Bediss;3850;73;lbedissko@berkeley.edu;40225789
Thorstein Rosenhaus;5740;24;trosenhauskp@youtube.com;15778843
Celine Buggy;7210;50;cbuggykq@theguardian.com;77463097
Cristionna Ralph;8820;10;cralphkr@oracle.com;76293980
Addie Blaxton;1060;47;ablaxtonks@goo.gl;15632771
Georgena Earthfield;2190;58;gearthfieldkt@princeton.edu;76785940
Tudor Ellit;7810;84;tellitku@cafepress.com;26664279
Ryon Le Batteur;4140;22;rlekv@vk.com;60495794
Gregoor Brunon;5160;65;gbrunonkw@kickstarter.com;95348283
Penny Akester;3990;56;pakesterkx@themeforest.net;68357495
Antonino Shillito;8030;98;ashillitoky@ocn.ne.jp;56103234
Arri De Brett;2510;17;adekz@bluehost.com;73718928
Ludvig Le Conte;4750;14;llel0@clickbank.net;19006873
Daven Fenimore;6920;69;dfenimorel1@sbwire.com;94721258
Donetta Maurice;4980;68;dmauricel2@123-reg.co.uk;98639840
Pauly Beagles;2190;20;pbeaglesl3@accuweather.com;32645649
Fields Thebeau;3010;70;fthebeaul4@trellian.com;13479925
Benton Gimert;5450;63;bgimertl5@oaic.gov.au;63756700
Odo Freestone;7270;89;ofreestonel6@zimbio.com;52344654
Selie Blowen;2420;21;sblowenl7@si.edu;36676387
Elka Haggeth;8670;97;ehaggethl8@amazon.com;86936848
Hugo Henriksson;4750;22;hhenrikssonl9@shareasale.com;98952841
Otto Vidloc;8520;55;ovidlocla@chron.com;67746088
Jillene O'Kelly;4050;60;jokellylb@samsung.com;97027276
Brnaba Shea;6220;60;bshealc@ft.com;81285778
Edmund Penbarthy;4080;35;epenbarthyld@miibeian.gov.cn;76811805
Delmer Mucci;1790;81;dmuccile@deliciousdays.com;87221369
Townie Nelmes;3510;77;tnelmeslf@rambler.ru;73637562
Elyssa Bilovus;8180;71;ebilovuslg@ustream.tv;53487839
Aube Bassindale;5510;77;abassindalelh@walmart.com;57479272
Hakeem Whyborn;6610;96;hwhybornli@jimdo.com;97819488
Lyman Hagley;4440;50;lhagleylj@free.fr;27457502
Rich Eles;4810;46;releslk@about.com;48718318
Rees Sannes;4230;11;rsannesll@businessweek.com;42804386
Melisent O'Lyhane;8040;84;molyhanelm@unblog.fr;91295033
Christoph Loxton;4320;43;cloxtonln@etsy.com;72797923
Michail Brithman;3740;79;mbrithmanlo@blogs.com;78715116
Cello Rawlence;1640;70;crawlencelp@purevolume.com;17335208
Lolly Crowdson;2970;65;lcrowdsonlq@aboutads.info;55043098
Dorey Yarwood;7720;95;dyarwoodlr@surveymonkey.com;37284204
Fae Pink;4920;51;fpinkls@liveinternet.ru;83479917
Alessandro Fosdick;1620;45;afosdicklt@cafepress.com;50049037
Desiree Pringour;7180;84;dpringourlu@senate.gov;73785144
Candace Faustian;5260;24;cfaustianlv@netlog.com;67552258
Veradis Flack;6850;20;vflacklw@acquirethisname.com;87333986
Northrup Beetham;7370;98;nbeethamlx@tripod.com;72951154
Martguerita Eddleston;4980;16;meddlestonly@list-manage.com;16026762
Aloysius Doorbar;7170;83;adoorbarlz@archive.org;76271176
Marla O'Malley;5420;62;momalleym0@so-net.ne.jp;67212708
Jeramey Bartoli;4690;10;jbartolim1@ft.com;29039885
Sukey Ritch;8360;10;sritchm2@businesswire.com;95579293
Truman Huxster;1090;60;thuxsterm3@omniture.com;83214927
Mariam Kretschmer;2400;66;mkretschmerm4@godaddy.com;64089613
Dewey Snel;8850;51;dsnelm5@home.pl;27826683
Michel Archibold;6450;88;marchiboldm6@google.com.au;43366121
Dede Burdus;6430;45;dburdusm7@ezinearticles.com;56195356
Chiquita Staves;7210;80;cstavesm8@examiner.com;37939818
Shepard Grigoriev;2730;22;sgrigorievm9@theguardian.com;16574045
Dyana Sturgess;4520;50;dsturgessma@blinklist.com;91831592
Rania Kezar;1570;56;rkezarmb@vk.com;21051798
Joana Holdforth;1640;15;jholdforthmc@gnu.org;81419672
Earvin Sisey;7800;30;esiseymd@google.com.au;44483541
Harmony Sabati;5760;48;hsabatime@wunderground.com;72991427
Lanie Iddon;4920;74;liddonmf@cbc.ca;40317965
Hollis Ronayne;7860;36;hronaynemg@themeforest.net;18766835
Elihu Immins;3660;53;eimminsmh@dot.gov;30657742
Fair Cowling;8230;68;fcowlingmi@yolasite.com;58461015
Timoteo Murrey;2190;97;tmurreymj@ycombinator.com;10688225
Ainsley Hold;8970;33;aholdmk@csmonitor.com;62032550
Nelia Franklen;9050;82;nfranklenml@storify.com;93724937
Charlie Mathiasen;6270;75;cmathiasenmm@google.cn;45434512
Ella Basill;7560;80;ebasillmn@vkontakte.ru;74172137
Betta Frodsam;6460;14;bfrodsammo@lulu.com;69596509
Cesare McAvey;1060;95;cmcaveymp@geocities.com;98807364
Johanna Squibb;2070;41;jsquibbmq@jimdo.com;87403554
Terri-jo Sinnie;5790;34;tsinniemr@opera.com;63721508
Vera Swatridge;2520;57;vswatridgems@blogs.com;79623382
Rania Kindleysides;8190;66;rkindleysidesmt@newsvine.com;70719316
Lynnea Nan Carrow;7510;91;lnanmu@bloomberg.com;46885623
Zara Gabbetis;2330;58;zgabbetismv@deviantart.com;27298730
Sibeal Spilsted;6650;50;sspilstedmw@mozilla.com;49942064
Minerva Caudell;3560;27;mcaudellmx@jiathis.com;13048873
Constantia Visick;6830;29;cvisickmy@unc.edu;93228779
Link D'Emanuele;7420;99;ldemanuelemz@tuttocitta.it;52892109
Karel Marron;8790;86;kmarronn0@prlog.org;63224598
Francesco FitzGilbert;5150;60;ffitzgilbertn1@jigsy.com;60162655
Rozele Ludmann;3360;38;rludmannn2@fc2.com;93934460
Benoite Matthaus;7370;17;bmatthausn3@va.gov;31900384
Walton Lutty;7130;92;wluttyn4@purevolume.com;33567816
Ladonna Bestman;1020;57;lbestmann5@tripadvisor.com;32227474
Twila Burnet;3390;13;tburnetn6@bandcamp.com;42386420
Tomi Cathcart;4830;65;tcathcartn7@pagesperso-orange.fr;28129891
Alwin Stoller;7730;45;astollern8@cdbaby.com;18737026
Rosemarie Reinert;2450;97;rreinertn9@oracle.com;38217759
Maurie Fero;7760;53;mferona@vistaprint.com;60046122
Maude Tresler;8480;30;mtreslernb@g.co;63043515
Noella Platt;5040;47;nplattnc@skype.com;65666087
Moina Sollner;5380;68;msollnernd@oaic.gov.au;29267796
My MacIlhargy;1220;93;mmacilhargyne@eepurl.com;32687604
Richard Fritz;5260;32;rfritznf@walmart.com;89086039
Orson Baribal;9020;29;obaribalng@mtv.com;17896334
Kerri Dolohunty;8790;41;kdolohuntynh@tripadvisor.com;22853364
Martie Banfill;5200;100;mbanfillni@sun.com;11134865
Joela Kilcullen;6890;36;jkilcullennj@multiply.com;19883843
Meier Paver;6980;32;mpavernk@4shared.com;62276787
Britteny Cowton;2630;61;bcowtonnl@latimes.com;94378116
Brandi Freyn;1250;10;bfreynnm@squidoo.com;33846007
Tuckie Caney;6860;47;tcaneynn@nifty.com;43468527
Merv Braxton;6230;42;mbraxtonno@plala.or.jp;43374780
Daria Arnli;4480;96;darnlinp@uol.com.br;88444594
Milton Pershouse;3620;77;mpershousenq@marketwatch.com;51488541
Berkly O'Nolan;2150;24;bonolannr@printfriendly.com;44794588
Brittany Rawlison;2220;22;brawlisonns@jiathis.com;81122756
Archaimbaud Urry;4290;94;aurrynt@epa.gov;36951551
Keir Simond;2000;52;ksimondnu@businesswire.com;67448201
Delbert Hort;3760;48;dhortnv@bluehost.com;89102050
Ailsun Gergler;8760;69;agerglernw@netscape.com;37194259
Alaine Sharple;6820;75;asharplenx@fc2.com;60913943
Eduardo Murty;7220;26;emurtyny@umich.edu;10846321
Prince Alpes;6940;68;palpesnz@fotki.com;29984378
Nikki Scandred;5220;95;nscandredo0@163.com;61577693
Siegfried Griffin;5420;26;sgriffino1@chronoengine.com;16726308
Lazaro Chamberlaine;8070;83;lchamberlaineo2@wikia.com;68779380
Dionysus Stiant;3100;80;dstianto3@pagesperso-orange.fr;81946720
Adriano Ranaghan;7980;47;aranaghano4@nps.gov;43085058
Fayth Attrie;2600;25;fattrieo5@gmpg.org;73843494
Trevor Fitkin;6040;31;tfitkino6@chronoengine.com;42298706
Dilan Roderham;2190;57;droderhamo7@wordpress.org;14798836
Jereme Broughton;8030;26;jbroughtono8@barnesandnoble.com;64060311
Roarke Bagenal;1290;80;rbagenalo9@npr.org;36147217
Hobie Marder;7900;94;hmarderoa@timesonline.co.uk;55354335
Gualterio Strang;6460;50;gstrangob@alexa.com;95747478
Julienne Tunmore;2170;97;jtunmoreoc@addthis.com;73610811
Chico Tomalin;3580;15;ctomalinod@arstechnica.com;93794781
Magdalena Leere;3610;26;mleereoe@pagesperso-orange.fr;87250241
Elly Beaford;3610;22;ebeafordof@ovh.net;64038705
Pattie Florio;5000;35;pflorioog@gmpg.org;56318135
Arron Carn;1470;13;acarnoh@youtube.com;65544057
Doloritas Spiaggia;5310;85;dspiaggiaoi@google.com;38058292
Louie Ellesmere;7440;25;lellesmereoj@mit.edu;82501766
Lory Buckler;3280;23;lbucklerok@bbc.co.uk;26684862
Matias Chidzoy;6280;91;mchidzoyol@amazon.co.jp;48555680
Luce Bristowe;1620;58;lbristoweom@skype.com;47593317
Isidora Donlon;7780;98;idonlonon@ezinearticles.com;19591601
Demott Szymanski;2570;92;dszymanskioo@example.com;69370633
Carlos Jessop;6110;15;cjessopop@diigo.com;23024767
Alexandre Melvin;1430;28;amelvinoq@aol.com;16820780
Magdaia Dyball;3330;13;mdyballor@artisteer.com;18957220
Garfield Touson;6640;36;gtousonos@forbes.com;49784455
Ardene Redfearn;6970;24;aredfearnot@istockphoto.com;94286559
Demeter Burel;3220;24;dburelou@fotki.com;80117605
Harv Moorey;5480;67;hmooreyov@house.gov;87963288
Edgar Rockcliff;1030;15;erockcliffow@slashdot.org;85059303
Arvy Farnall;2470;77;afarnallox@symantec.com;77535279
Jamison Elintune;3210;42;jelintuneoy@craigslist.org;16960016
Pembroke Braunroth;6200;16;pbraunrothoz@ycombinator.com;38545671
Lark Furzer;7640;70;lfurzerp0@exblog.jp;87407298
Myra Connold;5350;26;mconnoldp1@indiegogo.com;73872964
Horatia Gaddas;4600;62;hgaddasp2@google.com;91888506
Glenda Semaine;8030;28;gsemainep3@dailymail.co.uk;81682845
Candida Holde;2810;17;choldep4@army.mil;83193265
Karen Christofle;3020;52;kchristoflep5@loc.gov;59508343
Kate Gellett;5000;51;kgellettp6@nba.com;86142335
Babs Fooks;7150;35;bfooksp7@shareasale.com;45754296
Julio Lockie;7140;19;jlockiep8@booking.com;63725783
Bernardo Bednall;4990;81;bbednallp9@imgur.com;70084342
Herschel Grinishin;2160;62;hgrinishinpa@netvibes.com;65910665
Valentin Tavernor;4140;56;vtavernorpb@ed.gov;93518850
Xylia Pitkeathly;7240;66;xpitkeathlypc@squidoo.com;89614452
Aristotle Aicheson;6560;37;aaichesonpd@house.gov;61524911
Isabeau Catherick;4270;75;icatherickpe@businessweek.com;13302004
Pryce Casarili;1530;74;pcasarilipf@apache.org;41072504
Kingsley Pretious;1250;49;kpretiouspg@taobao.com;79062126
Georgeta Overill;4150;82;goverillph@stumbleupon.com;40625380
Morissa Wincom;5310;24;mwincompi@pinterest.com;27786582
Caressa Tincknell;1370;24;ctincknellpj@umich.edu;33905789
Lance Seelbach;7240;36;lseelbachpk@msn.com;25864313
Abramo Farmery;5280;85;afarmerypl@multiply.com;86498882
Suzanne Binley;6540;91;sbinleypm@myspace.com;90920678
Fallon Zelland;5550;11;fzellandpn@shop-pro.jp;79705079
Magdaia Moxted;2090;88;mmoxtedpo@chronoengine.com;51848267
Gray Leaman;8680;52;gleamanpp@artisteer.com;99036499
Bobby Olivet;1610;100;bolivetpq@psu.edu;15199014
Salvidor Orpwood;1430;37;sorpwoodpr@nbcnews.com;41598272
Nelie Scobbie;3140;83;nscobbieps@reverbnation.com;83102744
Pamela Stollery;1950;32;pstollerypt@walmart.com;11647845
Nerte Sopp;5880;79;nsopppu@accuweather.com;74483308
Gerty Maylard;2310;33;gmaylardpv@huffingtonpost.com;76688938
Monika Sivewright;5890;75;msivewrightpw@apple.com;87996608
Beale Pote;6820;58;bpotepx@washingtonpost.com;28284731
Christos Chiene;8590;28;cchienepy@sciencedaily.com;60168843
Patrice Riche;7190;72;prichepz@buzzfeed.com;92357393
Ancell Ankers;2790;93;aankersq0@cbslocal.com;55093716
Cairistiona Alliberton;1000;91;callibertonq1@ovh.net;76735040
Darla Lemery;1460;34;dlemeryq2@techcrunch.com;15640835
Roma Richarz;5040;39;rricharzq3@infoseek.co.jp;53513088
Jolee Pennick;1130;68;jpennickq4@answers.com;53715184
Edd Nottle;6620;33;enottleq5@salon.com;78055860
Nils Nowell;7530;22;nnowellq6@rediff.com;44109524
Avivah Chadwyck;6860;32;achadwyckq7@aboutads.info;36887705
Sean Bausmann;8880;97;sbausmannq8@virginia.edu;31492216
Eward Crady;4490;61;ecradyq9@naver.com;69039290
Jamison Fitzhenry;5180;59;jfitzhenryqa@archive.org;64328034
Ruth Scates;7360;74;rscatesqb@abc.net.au;68117838
Jacob Schultze;6780;72;jschultzeqc@networksolutions.com;65784396
Deedee Mixhel;5590;26;dmixhelqd@scientificamerican.com;99122034
Ceil Gregor;6770;51;cgregorqe@redcross.org;62053657
Dean Trimming;6350;15;dtrimmingqf@scientificamerican.com;20705017
Marina Symmers;8670;37;msymmersqg@paginegialle.it;95181040
Trever Colliver;2580;32;tcolliverqh@slate.com;67147643
Alfonso Glascott;3680;66;aglascottqi@rakuten.co.jp;51604035
Randell Ormiston;1580;70;rormistonqj@indiegogo.com;19363299
Marga Macias;3310;80;mmaciasqk@hao123.com;28700619
Peria Fenkel;8610;61;pfenkelql@ebay.co.uk;36990098
Artemis Chatenier;7020;29;achatenierqm@purevolume.com;27713724
Hoyt Brightey;4860;69;hbrighteyqn@surveymonkey.com;55476859
Nettie Cadogan;4800;27;ncadoganqo@harvard.edu;10554475
Buddy Ferenczy;3290;15;bferenczyqp@w3.org;99761716
Lewie Ife;7240;86;lifeqq@1und1.de;92674595
Rex Carslake;6030;73;rcarslakeqr@ycombinator.com;75188297
Erroll Fencott;4710;66;efencottqs@apple.com;24027156
Sheelah Doggerell;5030;33;sdoggerellqt@acquirethisname.com;39851003
Deina Moneti;2520;26;dmonetiqu@weebly.com;13587902
Joellen Bastable;6780;12;jbastableqv@google.ru;50083765
Alika Adamczyk;6570;73;aadamczykqw@linkedin.com;40626729
Haley Do Rosario;1950;57;hdoqx@loc.gov;96032324
Brigida Blomefield;9000;82;bblomefieldqy@uol.com.br;36215576
Sibella Ellcome;3470;89;sellcomeqz@cmu.edu;25542966
Karrie Ousby;8380;75;kousbyr0@google.com.au;43991476
Tana Temblett;1090;11;ttemblettr1@canalblog.com;86385971
Eliza Tosh;1070;77;etoshr2@hatena.ne.jp;40205387
Leia Branni;6610;89;lbrannir3@wordpress.org;85991744
Maisie Fritschmann;3330;70;mfritschmannr4@devhub.com;28284893
Archibald Cornewell;7340;55;acornewellr5@arizona.edu;93541130
Gilbertina Karpol;3510;69;gkarpolr6@nps.gov;74806395
Zorah Westhead;2910;61;zwestheadr7@dedecms.com;27393197
Pia Walkling;8850;100;pwalklingr8@foxnews.com;80429737
Winston Smithson;3650;37;wsmithsonr9@wunderground.com;54852239
Emile Florence;3350;99;eflorencera@opera.com;22779396
Cherlyn Hadden;3080;39;chaddenrb@pbs.org;62493594
Blanca Crumbleholme;3880;36;bcrumbleholmerc@jiathis.com;81927180
Artus Child;6500;28;achildrd@360.cn;18766688
Randolf Kliesl;1440;57;rklieslre@latimes.com;48560594
Fergus Corsan;8050;67;fcorsanrf@chicagotribune.com;19310751
Lem Craisford;5730;75;lcraisfordrg@google.cn;59940327
Jacky Mathelon;8900;91;jmathelonrh@delicious.com;13656607
Wilbur Keijser;4130;34;wkeijserri@yahoo.com;66002348
Glenn O'Shavlan;4880;32;goshavlanrj@gizmodo.com;98038808
Nicky Granville;3250;89;ngranvillerk@hibu.com;32384503
Shaine Enga;5300;85;sengarl@opensource.org;18517056
Rice Ellaman;2680;29;rellamanrm@sfgate.com;69837631
Letisha Flade;1300;59;lfladern@bloglines.com;13175696
Valentine Barlow;8760;91;vbarlowro@netvibes.com;69085211
Beverley Haggett;4130;60;bhaggettrp@sakura.ne.jp;51817048
Teena Kynoch;4460;13;tkynochrq@dagondesign.com;82553429
Phillie Bye;8490;46;pbyerr@shinystat.com;77656255
